strip,number,category,color temp,lux,R,G,B,C,R_clear,G_clear,B_clear,R_gamma,G_gamma,B_gamma,H_360,H,S,V
1,1-1,white,5869,2530,4846,4475,4043,13295,92.947,85.831,77.545,20.655,16.926,13.132,32,0.0889,0.163,92
1,1-1,blood,2841,1868,3286,2577,1547,7398,113.264,88.826,53.323,33.859,18.441,5.149,35,0.0972,0.531,113
1,1-1,pH,3746,1448,3728,2780,2362,8720,109.018,81.296,69.072,30.774,14.778,9.833,18,0.05,0.367,109
1,1-1,protein,5022,2365,4527,4041,3475,11880,97.17,86.739,74.59,23.082,17.377,11.916,31.3,0.087,0.2371,97
1,1-1,glucose,9264,1511,2352,2651,2608,7526,79.692,89.823,88.366,14.06,18.963,18.203,174,0.4833,0.1124,89
1,1-1,ketone,5630,2448,4643,4269,3801,12467,94.968,87.318,77.746,21.796,17.669,13.217,35.29,0.098,0.1809,94
2,2-1,white,5801,3961,7604,6997,6303,20738,93.501,86.037,77.503,20.964,17.028,13.114,33.75,0.0938,0.172,93
2,2-1,blood,4307,2814,3570,3729,2612,9896,91.992,96.089,67.306,20.128,22.445,9.217,70.34,0.1954,0.3021,96
2,2-1,pH,4627,3149,6378,5454,4629,16236,100.172,85.66,72.702,24.906,16.841,11.177,27.86,0.0774,0.28,100
2,2-1,protein,3212,2173,3541,2989,1905,8387,107.661,90.878,57.92,29.826,19.525,6.332,39.6,0.11,0.4673,107
2,2-1,glucose,5249,2782,4616,4449,3745,12581,93.56,90.175,75.906,20.997,19.15,12.449,50,0.1389,0.1935,93
2,2-1,ketone,4445,1437,3992,3006,2747,9615,105.872,79.722,72.853,28.602,14.073,11.235,12.73,0.0354,0.3143,105
3,3-1,white,5608,3267,6364,5775,5167,17292,93.848,85.162,76.196,21.159,16.598,12.568,31.76,0.0882,0.1828,93
3,3-1,blood,5305,2995,4439,4538,3725,12590,89.908,91.913,75.447,19.008,20.086,12.261,67.5,0.1875,0.1758,91
3,3-1,pH,3775,1535,2261,2104,1437,5795,99.492,92.583,63.233,24.485,20.454,7.885,48.33,0.1343,0.3636,99
3,3-1,protein,4158,2465,3908,3620,2705,10098,98.687,91.414,68.308,23.993,19.814,9.564,46,0.1278,0.3061,98
3,3-1,glucose,5186,3236,5937,5442,4680,15782,95.928,87.93,75.618,22.351,17.98,12.331,36,0.1,0.2105,95
3,3-1,ketone,4412,1225,3890,2802,2642,9205,107.762,77.622,73.19,29.895,13.164,11.365,7.06,0.0196,0.3178,107
4,4-1,white,5840,4297,8243,7598,6857,22495,93.441,86.13,77.73,20.931,17.074,13.21,33.75,0.0938,0.172,93
4,4-1,blood,5767,2389,3272,3563,2968,9706,85.963,93.609,77.977,16.991,21.025,13.315,90,0.25,0.172,93
4,4-1,pH,5817,3386,6076,5774,5130,16748,92.511,87.913,78.108,20.414,17.971,13.371,38.57,0.1071,0.1522,92
4,4-1,protein,4510,2161,3039,3053,2283,8285,93.536,93.967,70.267,20.984,21.226,10.264,60,0.1667,0.2473,93
4,4-1,glucose,5014,2729,5455,4777,4152,14093,98.703,86.435,75.127,24.003,17.225,12.132,28.7,0.0797,0.2347,98
4,4-1,ketone,2516,385,2660,1512,1554,5537,122.503,69.633,71.568,41.191,10.034,10.746,357.74,0.9937,0.4344,122
5,5-1,white,5796,4186,8042,7396,6662,21920,93.554,86.039,77.5,20.994,17.029,13.113,33.75,0.0938,0.172,93
5,5-1,blood,3464,3111,5271,4490,3094,12784,105.14,89.561,61.715,28.11,18.825,7.42,38.18,0.1061,0.419,105
5,5-1,pH,6060,3088,5618,5351,4828,15563,92.051,87.676,79.107,20.161,17.85,13.803,36.92,0.1026,0.1413,92
5,5-1,protein,5092,1709,2144,2369,1822,6238,87.643,96.841,74.481,17.834,22.887,11.873,84.55,0.2348,0.2292,96
5,5-1,glucose,4871,2282,4753,4064,3537,12062,100.482,85.916,74.775,25.099,16.968,11.99,25.38,0.0705,0.26,100
5,5-1,ketone,2010,240,2079,1127,1179,4201,126.195,68.409,71.565,44.365,9.599,10.745,356.9,0.9914,0.4603,126
6,6-1,white,4926,2502,4940,4332,3731,12951,97.267,85.295,73.462,23.139,16.663,11.471,30,0.0833,0.2474,97
6,6-1,blood,4507,3724,6405,5843,4671,16766,97.416,88.868,71.043,23.228,18.463,10.55,39.23,0.109,0.268,97
6,6-1,protein,5901,2426,3779,3866,3345,10764,89.525,91.586,79.243,18.806,19.907,13.863,70,0.1944,0.1319,91
6,6-1,glucose,5435,3180,6181,5577,4940,16395,96.136,86.742,76.834,22.473,17.379,12.833,30,0.0833,0.2083,96
1,1-2,white,6057,1931,3618,3398,3084,10032,91.965,86.373,78.391,20.114,17.194,13.493,36.92,0.1026,0.1429,91
1,1-2,blood,3149,1442,2495,2043,1328,5850,108.756,89.054,57.887,30.59,18.56,6.323,37.65,0.1046,0.4722,108
1,1-2,pH,4545,1245,2827,2300,2004,7025,102.617,83.488,72.743,26.454,15.794,11.192,22,0.0611,0.2941,102
1,1-2,protein,3077,1122,1898,1555,978,4405,109.873,90.017,56.615,31.381,19.066,5.981,38.49,0.1069,0.4862,109
1,1-2,glucose,8248,1208,1972,2116,2037,6028,83.421,89.512,86.17,15.762,18.799,17.094,150,0.4167,0.0674,89
1,1-2,ketone,5884,1908,3568,3334,2999,9752,93.298,87.179,78.419,20.851,17.598,13.505,36,0.1,0.1613,93
2,2-2,white,5618,3320,6439,5857,5238,17498,93.836,85.355,76.334,21.153,16.692,12.625,31.76,0.0882,0.1828,93
2,2-2,blood,5011,3592,5810,5605,4601,15865,93.385,90.09,73.952,20.899,19.104,11.663,51,0.1417,0.2151,93
2,2-2,pH,2286,1452,3881,2495,1675,7991,123.846,79.618,53.451,42.33,14.027,5.18,22.29,0.0619,0.5691,123
2,2-2,protein,4119,2922,5081,4504,3466,12868,100.688,89.254,68.684,25.228,18.664,9.696,39.38,0.1094,0.32,100
2,2-2,glucose,5396,3527,6396,5948,5170,17217,94.731,88.095,76.573,21.66,18.064,12.724,40,0.1111,0.1915,94
2,2-2,ketone,4905,2019,4789,3892,3509,11996,101.8,82.733,74.591,25.93,15.439,11.917,17.78,0.0494,0.2673,101
3,3-2,white,5837,4046,7765,7155,6457,21188,93.453,86.111,77.711,20.937,17.064,13.202,33.75,0.0938,0.172,93
3,3-2,blood,5092,2653,3471,3748,2918,10064,87.948,94.966,73.936,17.989,21.795,11.657,80,0.2222,0.2234,94
3,3-2,pH,5336,3333,6005,5587,4830,16211,94.459,87.884,75.976,21.505,17.956,12.478,37.89,0.1053,0.2021,94
3,3-2,protein,3824,2166,3281,3027,2112,8364,100.03,92.287,64.39,24.818,20.29,8.251,46.67,0.1296,0.36,100
3,3-2,glucose,5034,2995,5336,4923,4157,14155,96.127,88.687,74.888,22.467,18.369,12.036,38.18,0.1061,0.2292,96
3,3-2,ketone,4133,1076,3704,2577,2443,8583,110.045,76.562,72.581,31.504,12.72,11.13,6.32,0.0175,0.3455,110
4,4-2,white,5761,3835,7394,6780,6101,20166,93.497,85.733,77.147,20.962,16.878,12.964,30,0.0833,0.172,93
4,4-2,blood,6260,1446,1264,1847,1446,4562,70.653,103.241,80.826,10.406,26.858,14.565,138.18,0.3838,0.3204,103
4,4-2,pH,5800,2394,3914,3891,3383,10982,90.882,90.348,78.553,19.527,19.242,13.563,60,0.1667,0.1333,90
4,4-2,protein,5499,3539,6350,5960,5200,17254,93.848,88.084,76.852,21.159,18.058,12.84,42.35,0.1176,0.1828,93
4,4-2,glucose,4093,2087,3472,3133,2364,8868,99.838,90.09,67.977,24.699,19.104,9.448,43.12,0.1198,0.3232,99
4,4-2,ketone,5396,2760,6035,5166,4692,15510,99.221,84.934,77.141,24.319,16.487,12.961,19.09,0.053,0.2222,99
5,5-2,white,5629,3419,6649,6043,5411,18120,93.57,85.042,76.148,21.003,16.54,12.548,31.76,0.0882,0.1828,93
5,5-2,blood,4601,3887,7040,6308,5169,18325,97.965,87.778,71.929,23.557,17.902,10.882,36.92,0.1026,0.268,97
5,5-2,pH,11000,1029,1556,1843,1877,5243,75.678,89.637,91.29,12.356,18.865,19.747,187.5,0.5208,0.1758,91
5,5-2,protein,5463,2705,4348,4298,3643,12057,91.958,90.901,77.048,20.11,19.537,12.922,55.71,0.1548,0.1538,91
5,5-2,glucose,2297,555,1785,1109,841,3606,126.227,78.423,59.472,44.394,13.507,6.764,17.01,0.0473,0.5317,126
5,5-2,ketone,4871,1405,3633,2854,2623,8725,106.179,83.412,76.661,28.81,15.758,12.761,14,0.0389,0.283,106
6,6-2,white,4799,2461,4898,4255,3640,12801,97.57,84.761,72.51,23.32,16.403,11.103,28.8,0.08,0.2577,97
6,6-2,blood,4097,3352,5499,4994,3750,14150,99.099,89.998,67.58,24.244,19.055,9.311,41.25,0.1146,0.3232,99
6,6-2,protein,6135,1939,2733,2976,2555,8108,85.954,93.596,80.356,16.987,21.018,14.354,96.92,0.2692,0.1398,93
6,6-2,glucose,5207,2947,5900,5206,4582,15345,98.045,86.512,76.143,23.605,17.264,12.546,27.27,0.0758,0.2245,98
1,1-3,white,6228,1577,2923,2776,2534,8175,91.176,86.591,79.042,19.685,17.303,13.775,35,0.0972,0.1319,91
1,1-3,blood,3535,1316,2252,1923,1349,5483,104.735,89.434,62.738,27.84,18.758,7.732,38.57,0.1071,0.4038,104
1,1-3,pH,4916,1304,2676,2307,2006,6907,98.795,85.172,74.06,24.059,16.603,11.706,27.5,0.0764,0.2449,98
1,1-3,protein,3292,973,1644,1379,915,3905,107.355,90.05,59.75,29.614,19.083,6.844,38.75,0.1076,0.4486,107
1,1-3,glucose,7750,1168,1953,2043,1943,5855,85.058,88.978,84.623,16.547,18.52,16.336,105,0.2917,0.0455,88
1,1-3,ketone,5362,864,1608,1476,1288,4334,94.61,86.844,75.782,21.591,17.429,12.398,34.74,0.0965,0.2021,94
2,2-3,white,5718,3447,6657,6090,5470,18175,93.399,85.444,76.746,20.907,16.736,12.796,31.76,0.0882,0.1828,93
2,2-3,blood,5410,3796,6686,6307,5448,18262,93.359,88.067,76.073,20.885,18.05,12.517,42.35,0.1176,0.1828,93
2,2-3,pH,2915,1825,4497,3192,2394,9995,114.731,81.437,61.078,34.966,14.842,7.23,22.64,0.0629,0.4649,114
2,2-3,protein,4673,3395,6093,5503,4525,15894,97.755,88.289,72.598,23.431,18.164,11.137,38.4,0.1067,0.2577,97
2,2-3,glucose,5149,1927,2706,2823,2254,7725,89.324,93.186,74.404,18.701,20.788,11.842,72.63,0.2018,0.2043,93
2,2-3,ketone,5250,2649,5662,4866,4362,14598,98.905,85,76.196,24.126,16.519,12.568,24.55,0.0682,0.2245,98
3,3-3,white,5731,3571,6926,6327,5692,18870,93.595,85.5,76.919,21.017,16.763,12.868,31.76,0.0882,0.1828,93
3,3-3,blood,4791,2007,1748,2350,1549,5697,78.241,105.187,69.334,13.429,28.141,9.927,105,0.2917,0.3429,105
3,3-3,pH,4513,2276,3759,3495,2759,9870,97.117,90.296,71.281,23.05,19.214,10.638,43.85,0.1218,0.268,97
3,3-3,protein,5150,3428,6142,5682,4845,16432,95.315,88.176,75.187,21.996,18.106,12.156,39,0.1083,0.2105,95
3,3-3,glucose,3769,1692,2851,2498,1810,7089,102.554,89.856,65.108,26.413,18.981,8.482,38.92,0.1081,0.3627,102
3,3-3,ketone,5344,2780,6058,5183,4691,15602,99.012,84.711,76.67,24.191,16.379,12.764,20.87,0.058,0.2323,99
4,4-3,white,5785,4030,7735,7114,6403,21085,93.546,86.036,77.437,20.99,17.027,13.086,33.75,0.0938,0.172,93
4,4-3,blood,5834,1785,1926,2413,1910,6253,78.543,98.403,77.891,13.558,23.821,13.279,117.14,0.3254,0.2143,98
4,4-3,pH,5845,2941,5133,4949,4377,14225,92.015,88.717,78.463,20.141,18.385,13.524,42.86,0.119,0.1522,92
4,4-3,protein,4171,1924,2512,2559,1775,6771,94.603,96.374,66.848,21.588,22.612,9.061,64,0.1778,0.3125,96
4,4-3,glucose,4439,2513,4382,3957,3156,11247,99.352,89.716,71.555,24.399,18.907,10.741,38.57,0.1071,0.2828,99
4,4-3,ketone,5487,3292,6666,5918,5307,17481,97.239,86.327,77.415,23.123,17.172,13.077,27,0.075,0.2062,97
5,5-3,white,6230,3215,5869,5614,5110,16390,91.311,87.344,79.503,19.758,17.682,13.976,40,0.1111,0.1319,91
5,5-3,blood,6872,1662,2760,2826,2599,8072,87.19,89.275,82.104,17.604,18.675,15.148,77.14,0.2143,0.0787,89
5,5-3,pH,6066,2928,5333,5078,4584,14852,91.564,87.186,78.705,19.896,17.602,13.628,41.54,0.1154,0.1429,91
5,5-3,protein,7253,1270,2094,2177,2030,6303,84.717,88.075,82.128,16.382,18.054,15.159,100,0.2778,0.0682,88
6,6-3,white,4827,2454,4853,4233,3622,12657,97.773,85.282,72.972,23.442,16.656,11.281,31.2,0.0867,0.2577,97
6,6-3,blood,3954,3447,5637,5075,3733,14354,100.142,90.158,66.317,24.887,19.14,8.882,42.35,0.1176,0.34,100
6,6-3,protein,6221,1850,2548,2819,2421,7656,84.867,93.893,80.637,16.454,21.185,14.48,101.54,0.2821,0.1398,93
6,6-3,glucose,5122,2768,5588,4895,4295,14477,98.428,86.221,75.653,23.836,17.119,12.345,28.7,0.0797,0.2347,98
1,1-4,white,6155,1607,2982,2823,2569,8329,91.297,86.429,78.652,19.75,17.222,13.606,36.92,0.1026,0.1429,91
1,1-4,blood,3084,1239,2079,1710,1072,4842,109.489,90.056,56.456,31.107,19.086,5.939,38.49,0.1069,0.4862,109
1,1-4,pH,4308,1188,2803,2222,1924,6843,104.452,82.801,71.697,27.652,15.472,10.794,20,0.0556,0.3173,104
1,1-4,protein,5116,1707,3346,2968,2584,8792,97.046,86.083,74.945,23.008,17.05,12.059,31.3,0.087,0.2371,97
1,1-4,glucose,8784,1099,1730,1917,1865,5432,81.213,89.992,87.551,14.74,19.052,17.786,165,0.4583,0.0899,89
1,1-4,ketone,5909,1631,3045,2850,2566,8339,93.114,87.151,78.466,20.748,17.584,13.525,36,0.1,0.1613,93
2,2-4,white,5782,3734,7186,6600,5943,19632,93.339,85.727,77.194,20.874,16.875,12.984,30,0.0833,0.172,93
2,2-4,blood,3914,2575,2947,3147,1960,8100,92.776,99.072,61.704,20.56,24.228,7.417,71.05,0.1974,0.3838,99
2,2-4,pH,3902,2503,5413,4332,3520,13078,105.545,84.467,68.634,28.381,16.261,9.678,25.95,0.0721,0.3524,105
2,2-4,protein,5052,3437,6408,5796,4960,16934,96.495,87.279,74.69,22.683,17.649,11.956,35.45,0.0985,0.2292,96
2,2-4,glucose,4567,2114,3332,3177,2484,8863,95.866,91.406,71.468,22.315,19.81,10.708,50,0.1389,0.2526,95
2,2-4,ketone,5426,3332,6646,5926,5278,17503,96.825,86.335,76.895,22.878,17.176,12.858,30,0.0833,0.2083,96
3,3-4,white,5850,4076,7803,7202,6500,21325,93.307,86.12,77.726,20.856,17.069,13.208,33.75,0.0938,0.172,93
3,3-4,blood,5040,2654,3426,3716,2867,9960,87.714,95.139,73.402,17.869,21.894,11.447,81.82,0.2273,0.2316,95
3,3-4,pH,5302,3268,5876,5464,4711,15838,94.607,87.973,75.85,21.59,18.002,12.426,37.89,0.1053,0.2021,94
3,3-4,protein,3673,2213,3360,3057,2078,8452,101.372,92.231,62.694,25.659,20.26,7.718,46.15,0.1282,0.3861,101
3,3-4,glucose,5043,2965,5254,4862,4102,13971,95.896,88.742,74.87,22.333,18.397,12.028,40,0.1111,0.2211,95
3,3-4,ketone,4077,1015,3638,2497,2384,8390,110.571,75.892,72.458,31.882,12.443,11.083,4.74,0.0132,0.3455,110
4,4-4,white,5775,3872,7431,6832,6146,20275,93.46,85.927,77.299,20.941,16.973,13.028,30,0.0833,0.172,93
4,4-4,blood,5887,1539,1441,1977,1521,4951,74.218,101.825,78.339,11.768,25.946,13.47,128.89,0.358,0.2673,101
4,4-4,pH,5789,2588,4372,4274,3741,12169,91.615,89.561,78.392,19.923,18.825,13.493,50.77,0.141,0.1429,91
4,4-4,protein,4150,1863,2380,2448,1677,6426,94.444,97.143,66.548,21.497,23.066,8.959,65.81,0.1828,0.3196,97
4,4-4,glucose,3848,1780,3422,2856,2208,8311,104.995,87.628,67.746,28.013,17.826,9.368,32.43,0.0901,0.3558,104
4,4-4,ketone,5400,2981,6283,5464,4922,16269,98.48,85.643,77.147,23.867,16.833,12.964,22.86,0.0635,0.2143,98
5,5-4,white,5569,3492,6807,6166,5506,18463,94.014,85.161,76.046,21.253,16.598,12.506,30,0.0833,0.1915,94
5,5-4,blood,4004,3540,6246,5459,4165,15732,101.241,88.485,67.51,25.576,18.265,9.287,37.06,0.1029,0.3366,101
5,5-4,pH,5568,3538,6496,6048,5327,17633,93.942,87.463,77.037,21.212,17.742,12.918,37.5,0.1042,0.172,93
5,5-4,protein,5449,2132,3048,3197,2629,8715,89.184,93.544,76.924,18.628,20.988,12.871,74.12,0.2059,0.1828,93
5,5-4,glucose,5197,2984,5959,5261,4625,15531,97.839,86.379,75.937,23.481,17.197,12.462,30,0.0833,0.2268,97
5,5-4,ketone,3297,466,2351,1448,1442,5056,118.573,73.03,72.727,37.967,11.303,11.186,1.3,0.0036,0.3898,118
6,6-4,white,5048,2551,5033,4439,3854,13285,96.606,85.205,73.976,22.749,16.619,11.673,31.3,0.087,0.2396,96
6,6-4,blood,4816,3917,6908,6335,5245,18309,96.212,88.231,73.05,22.517,18.134,11.311,39.13,0.1087,0.2396,96
6,6-4,protein,5916,2886,4793,4749,4171,13461,90.797,89.963,79.014,19.481,19.037,13.762,54.55,0.1515,0.1222,90
6,6-4,glucose,2184,529,1759,1069,802,3511,127.754,77.64,58.248,45.749,13.172,6.422,16.52,0.0459,0.5433,127
1,1-5,white,6262,1323,2429,2320,2117,6835,90.621,86.554,78.981,19.387,17.285,13.748,40,0.1111,0.1333,90
1,1-5,blood,2987,1088,1819,1481,900,4189,110.729,90.154,54.786,31.996,19.138,5.51,38.57,0.1071,0.5091,110
1,1-5,pH,4167,907,2196,1712,1478,5310,105.458,82.215,70.977,28.323,15.199,10.525,20.57,0.0571,0.3333,105
1,1-5,protein,3054,985,1606,1331,812,3716,110.207,91.336,55.721,31.62,19.772,5.748,39.27,0.1091,0.5,110
1,1-5,glucose,9715,853,1298,1496,1484,4223,78.378,90.334,89.609,13.487,19.234,18.85,175,0.4861,0.1333,90
1,1-5,ketone,6257,1257,2286,2193,1997,6394,91.168,87.459,79.643,19.681,17.74,14.038,40,0.1111,0.1319,91
2,2-5,white,5650,3863,7459,6807,6092,20176,94.273,86.032,76.995,21.399,17.025,12.9,33.33,0.0926,0.1915,94
2,2-5,blood,4292,3006,4109,4126,2968,11158,93.905,94.294,67.829,21.192,21.411,9.397,62.22,0.1728,0.2872,94
2,2-5,pH,4795,3247,6496,5629,4821,16722,99.06,85.839,73.517,24.221,16.93,11.492,27.69,0.0769,0.2626,99
2,2-5,protein,3356,2219,3698,3139,2097,8880,106.193,90.14,60.218,28.819,19.131,6.978,39.13,0.1087,0.434,106
2,2-5,glucose,5406,2993,5106,4890,4190,13942,93.389,89.438,76.635,20.902,18.761,12.75,45.88,0.1275,0.1828,93
2,2-5,ketone,4451,1728,4307,3369,2993,10528,104.32,81.601,72.494,27.565,14.917,11.097,16.88,0.0469,0.3077,104
3,3-5,white,5838,3982,7632,7037,6349,20862,93.287,86.015,77.605,20.845,17.016,13.157,33.75,0.0938,0.172,93
3,3-5,blood,4913,2536,3077,3427,2560,9046,86.738,96.605,72.164,17.377,22.747,10.971,85,0.2361,0.25,96
3,3-5,pH,5202,3228,5805,5374,4603,15574,95.048,87.991,75.367,21.842,18.011,12.229,36,0.1,0.2105,95
3,3-5,protein,3638,2096,3109,2850,1902,7806,101.562,93.101,62.133,25.779,20.741,7.546,47.69,0.1325,0.3861,101
3,3-5,glucose,4832,2719,4794,4401,3648,12597,97.045,89.089,73.846,23.007,18.578,11.621,40,0.1111,0.2474,97
3,3-5,ketone,4348,1228,3872,2788,2616,9128,108.168,77.886,73.081,30.178,13.276,11.323,6.86,0.019,0.3241,108
4,4-5,white,5735,3567,6881,6302,5664,18793,93.367,85.511,76.854,20.89,16.769,12.841,31.76,0.0882,0.1828,93
4,4-5,blood,6168,1396,1175,1753,1351,4303,69.632,103.884,80.062,10.034,27.278,14.223,139.41,0.3873,0.3301,103
4,4-5,pH,5898,1945,2990,3079,2656,8570,88.967,91.616,79.029,18.515,19.923,13.769,75,0.2083,0.1319,91
4,4-5,protein,5360,3461,6067,5724,4923,16468,93.945,88.634,76.231,21.214,18.342,12.582,42.35,0.1176,0.1828,93
4,4-5,glucose,3328,1531,2807,2289,1598,6617,108.174,88.211,61.582,30.182,18.124,7.38,34.47,0.0957,0.4352,108
4,4-5,ketone,5283,2380,5502,4584,4192,13890,101.009,84.156,76.959,25.429,16.112,12.885,19.2,0.0533,0.2475,101
5,5-5,white,5572,3462,6745,6112,5458,18301,93.983,85.163,76.05,21.235,16.598,12.508,31.76,0.0882,0.1828,93
5,5-5,blood,4130,3658,6508,5716,4441,16522,100.444,88.221,68.542,25.076,18.129,9.646,37.5,0.1042,0.32,100
5,5-5,pH,13376,808,1032,1406,1470,3839,68.549,93.392,97.643,9.648,20.903,23.363,188.28,0.523,0.299,97
5,5-5,protein,5406,2345,3489,3577,2962,9830,90.508,92.791,76.837,19.327,20.569,12.834,67.5,0.1875,0.1739,92
5,5-5,glucose,5355,3127,6155,5505,4868,16211,96.819,86.594,76.574,22.874,17.304,12.725,30,0.0833,0.2083,96
5,5-5,ketone,3990,681,2655,1777,1723,5947,113.843,76.196,73.88,34.293,12.568,11.635,4.5,0.0125,0.354,113
6,6-5,white,5334,2999,5827,5237,4611,15598,95.261,85.616,75.382,21.965,16.82,12.235,30,0.0833,0.2105,95
6,6-5,blood,3107,2809,4053,3554,2028,9682,106.746,93.604,53.413,29.196,21.022,5.171,45.28,0.1258,0.5,106
6,6-5,protein,5745,3359,6014,5706,5047,16508,92.899,88.141,77.961,20.628,18.088,13.309,44,0.1222,0.163,92
6,6-5,glucose,3246,857,2344,1660,1369,5252,113.808,80.598,66.469,34.267,14.463,8.933,17.87,0.0496,0.4159,113
1,1-6,white,5754,1495,2785,2594,2316,7638,92.979,86.603,77.321,20.673,17.309,13.037,36,0.1,0.163,92
1,1-6,blood,2936,1313,2198,1777,1063,5023,111.585,90.212,53.965,32.618,19.169,5.305,38.28,0.1063,0.5225,111
1,1-6,pH,3959,810,2062,1562,1347,4894,107.44,81.387,70.185,29.672,14.819,10.234,17.84,0.0495,0.3458,107
1,1-6,protein,5146,1497,2819,2549,2201,7480,96.102,86.898,75.034,22.453,17.457,12.094,31.43,0.0873,0.2188,96
1,1-6,glucose,10241,701,1046,1232,1234,3483,76.581,90.198,90.345,12.727,19.162,19.24,180,0.5,0.1556,90
1,1-6,ketone,5944,1438,2651,2499,2248,7289,92.743,87.426,78.645,20.542,17.723,13.602,38.57,0.1071,0.1522,92
2,2-6,white,5763,3722,7166,6576,5916,19546,93.489,85.791,77.181,20.957,16.906,12.978,30,0.0833,0.172,93
2,2-6,blood,3894,2628,2890,3147,1913,8003,92.084,100.273,60.954,20.179,24.969,7.194,72,0.2,0.4,100
2,2-6,pH,3940,2599,5605,4501,3668,13578,105.264,84.53,68.886,28.193,16.292,9.767,25.95,0.0721,0.3524,105
2,2-6,protein,3128,2194,3524,2964,1830,8276,108.581,91.327,56.386,30.467,19.767,5.921,40.38,0.1122,0.4815,108
2,2-6,glucose,5068,2248,3444,3422,2780,9516,92.289,91.699,74.496,20.291,19.969,11.879,56.67,0.1574,0.1957,92
2,2-6,ketone,5474,3286,6634,5895,5279,17469,96.838,86.051,77.059,22.885,17.034,12.927,28.42,0.0789,0.1979,96
3,3-6,white,5625,3293,6428,5832,5225,17484,93.751,85.058,76.205,21.105,16.547,12.572,31.76,0.0882,0.1828,93
3,3-6,blood,5435,3414,5548,5447,4621,15459,91.516,89.85,76.225,19.869,18.977,12.58,52,0.1444,0.1648,91
3,3-6,pH,3730,1610,2436,2231,1530,6175,100.596,92.13,63.182,25.17,20.204,7.869,47.03,0.1306,0.37,100
3,3-6,protein,4555,2899,4853,4495,3579,12729,97.22,90.048,71.698,23.112,19.082,10.795,43.85,0.1218,0.268,97
3,3-6,glucose,3174,1280,2426,1925,1325,5565,111.164,88.208,60.714,32.311,18.122,7.123,32.94,0.0915,0.4595,111
3,3-6,ketone,4798,1702,4526,3510,3235,11073,104.229,80.832,74.499,27.505,14.568,11.88,12,0.0333,0.2885,104
4,4-6,white,5593,3430,6668,6053,5409,18112,93.879,85.221,76.154,21.177,16.626,12.551,31.76,0.0882,0.1828,93
4,4-6,blood,5845,2604,3901,4063,3473,11306,87.985,91.639,78.331,18.008,19.936,13.467,78.46,0.2179,0.1429,91
4,4-6,pH,5803,3402,6124,5808,5160,16865,92.595,87.817,78.02,20.46,17.922,13.334,38.57,0.1071,0.1522,92
4,4-6,protein,4632,2315,3361,3349,2567,9145,93.718,93.384,71.578,21.086,20.899,10.75,60,0.1667,0.2366,93
4,4-6,glucose,5045,3291,6040,5500,4685,15915,96.777,88.124,75.066,22.849,18.079,12.107,37.14,0.1032,0.2188,96
4,4-6,ketone,3365,531,2768,1699,1710,5974,118.152,72.522,72.991,37.631,11.107,11.288,0,0,0.3898,118
5,5-6,white,5706,3780,7310,6680,5998,19899,93.676,85.602,76.863,21.062,16.813,12.845,31.76,0.0882,0.1828,93
5,5-6,blood,2868,2803,4593,3710,2133,10432,112.271,90.687,52.139,33.122,19.423,4.868,38,0.1056,0.5357,112
5,5-6,pH,7342,1833,3069,3173,2976,9029,86.676,89.613,84.049,17.345,18.852,16.061,96,0.2667,0.0562,89
5,5-6,protein,5685,3449,6107,5811,5110,16764,92.895,88.392,77.729,20.626,18.217,13.21,44,0.1222,0.163,92
5,5-6,glucose,3131,1172,2679,1985,1491,6063,112.674,83.486,62.709,33.42,15.793,7.723,25.2,0.07,0.4464,112
5,5-6,ketone,5354,2507,5477,4683,4243,14013,99.667,85.218,77.212,24.593,16.625,12.991,21.82,0.0606,0.2222,99
6,6-6,white,5627,3782,7287,6651,5942,19713,94.262,86.035,76.863,21.393,17.026,12.845,33.33,0.0926,0.1915,94
6,6-6,blood,3530,3066,4758,4232,2826,11790,102.908,91.532,61.122,26.642,19.878,7.243,43.9,0.122,0.402,102
6,6-6,protein,6207,1579,1898,2268,1891,5950,81.343,97.2,81.043,14.799,23.1,14.663,120,0.3333,0.1649,97
6,6-6,glucose,4782,2075,4387,3713,3225,11048,101.257,85.7,74.437,25.586,16.861,11.855,24.44,0.0679,0.2673,101
1,1-7,white,6461,1033,1817,1784,1629,5198,89.137,87.518,79.914,18.603,17.77,14.158,48,0.1333,0.1124,89
1,1-7,blood,5246,1298,2304,2150,1841,6243,94.109,87.818,75.197,21.307,17.923,12.16,37.89,0.1053,0.2021,94
1,1-7,pH,5477,981,1956,1748,1561,5206,95.809,85.62,76.461,22.282,16.822,12.678,28.42,0.0789,0.2,95
1,1-7,protein,5484,832,1605,1456,1291,4320,94.74,85.944,76.205,21.665,16.982,12.572,30,0.0833,0.1915,94
1,1-7,glucose,6580,1182,2033,2026,1852,5807,89.274,88.967,81.326,18.675,18.514,14.792,52.5,0.1458,0.0899,89
1,1-7,ketone,6578,1226,2154,2124,1949,6123,89.706,88.457,81.169,18.901,18.25,14.72,52.5,0.1458,0.0899,89
2,2-7,white,5717,3364,6499,5944,5339,17759,93.319,85.349,76.662,20.862,16.689,12.761,31.76,0.0882,0.1828,93
2,2-7,blood,5284,3761,6549,6177,5277,17835,93.636,88.317,75.449,21.04,18.178,12.262,43.33,0.1204,0.1935,93
2,2-7,pH,2640,1642,4210,2870,2078,9087,118.141,80.538,58.313,37.622,14.436,6.44,22,0.0611,0.5085,118
2,2-7,protein,4570,3271,5809,5242,4258,15088,98.177,88.594,71.964,23.684,18.321,10.895,37.78,0.1049,0.2755,98
2,2-7,glucose,5019,1882,2653,2743,2167,7503,90.166,93.225,73.649,19.145,20.81,11.544,69,0.1917,0.2151,93
2,2-7,ketone,5212,2450,5373,4561,4105,13772,99.486,84.451,76.007,24.482,16.254,12.491,20.87,0.058,0.2323,99
3,3-7,white,5740,3679,7118,6512,5858,19418,93.475,85.517,76.928,20.949,16.771,12.872,31.76,0.0882,0.1828,93
3,3-7,blood,4680,2075,1898,2455,1616,6010,80.531,104.164,68.566,14.433,27.462,9.654,100,0.2778,0.3462,104
3,3-7,pH,4581,2441,4049,3772,3002,10665,96.812,90.188,71.778,22.87,19.157,10.825,45.6,0.1267,0.2604,96
3,3-7,protein,5189,3559,6385,5914,5058,17114,95.137,88.119,75.365,21.893,18.076,12.228,39,0.1083,0.2105,95
3,3-7,glucose,3987,1854,3019,2730,2014,7678,100.266,90.668,66.889,24.965,19.412,9.074,42.35,0.1176,0.34,100
3,3-7,ketone,5400,3029,6520,5619,5086,16862,98.6,84.975,76.914,23.941,16.507,12.866,21.82,0.0606,0.2245,98
4,4-7,white,5654,3450,6689,6094,5460,18213,93.653,85.322,76.445,21.049,16.676,12.671,31.76,0.0882,0.1828,93
4,4-7,blood,5864,3358,5780,5615,4956,16152,91.252,88.647,78.243,19.726,18.348,13.429,46.15,0.1282,0.1429,91
4,4-7,pH,6398,1324,1800,2020,1748,5508,83.333,93.519,80.926,15.721,20.974,14.61,106.15,0.2949,0.1398,93
4,4-7,protein,5124,3001,4949,4756,3960,13436,93.926,90.263,75.156,21.204,19.196,12.144,50,0.1389,0.1935,93
4,4-7,glucose,3246,1446,2507,2072,1380,5884,108.648,89.796,59.806,30.514,18.949,6.86,36.73,0.102,0.4537,108
4,4-7,ketone,4742,1415,4009,3034,2831,9548,107.069,81.03,75.608,29.417,14.657,12.327,11.25,0.0312,0.2991,107
5,5-7,white,5799,4321,8305,7637,6881,22621,93.62,86.09,77.568,21.031,17.054,13.141,33.75,0.0938,0.172,93
5,5-7,blood,3661,3324,5739,4934,3552,14117,103.665,89.124,64.161,27.135,18.597,8.177,38.46,0.1068,0.3786,103
5,5-7,pH,5885,3299,6041,5700,5105,16607,92.759,87.523,78.387,20.551,17.773,13.491,38.57,0.1071,0.1522,92
5,5-7,protein,5315,1898,2538,2741,2191,7365,87.874,94.902,75.859,17.951,21.759,12.43,82.11,0.2281,0.2021,94
5,5-7,glucose,4971,2692,5401,4713,4089,13899,99.09,86.468,75.019,24.239,17.241,12.089,27.5,0.0764,0.2424,99
5,5-7,ketone,2203,277,2078,1152,1183,4214,125.745,69.71,71.586,43.971,10.062,10.753,357.86,0.994,0.448,125
6,6-7,white,5716,4061,7806,7156,6420,21197,93.906,86.087,77.233,21.192,17.052,13,33.75,0.0938,0.172,93
6,6-7,blood,3855,3350,5452,4882,3532,13811,100.663,90.139,65.213,25.213,19.13,8.517,42.86,0.119,0.35,100
6,6-7,protein,6091,1810,2437,2716,2303,7365,84.377,94.037,79.737,16.218,21.266,14.08,100,0.2778,0.1596,94
6,6-7,glucose,5098,2725,5519,4823,4229,14280,98.554,86.125,75.518,23.912,17.071,12.29,28.7,0.0797,0.2347,98
1,1-8,white,6132,1343,2465,2344,2126,6913,90.927,86.463,78.422,19.551,17.239,13.506,40,0.1111,0.1333,90
1,1-8,blood,4774,1174,2076,1898,1567,5496,96.321,88.062,72.705,22.581,18.047,11.178,40,0.1111,0.25,96
1,1-8,pH,2207,313,1149,690,550,2348,124.785,74.936,59.732,43.136,12.055,6.838,13.85,0.0385,0.5242,124
2,2-8,white,5662,3285,6383,5811,5211,17391,93.592,85.205,76.408,21.016,16.619,12.656,31.76,0.0882,0.1828,93
2,2-8,blood,5100,3638,6012,5765,4794,16410,93.422,89.584,74.495,20.92,18.837,11.879,47.37,0.1316,0.2043,93
2,2-8,pH,2302,1433,3919,2514,1724,8112,123.193,79.027,54.194,41.774,13.768,5.362,21.74,0.0604,0.561,123
2,2-8,protein,4207,3027,5298,4710,3670,13490,100.148,89.033,69.374,24.891,18.549,9.941,38.71,0.1075,0.31,100
2,2-8,glucose,5055,1863,2605,2710,2143,7393,89.852,93.474,73.917,18.978,20.949,11.649,72,0.2,0.2151,93
2,2-8,ketone,4983,2026,4828,3929,3562,12101,101.739,82.794,75.061,25.891,15.468,12.105,16.15,0.0449,0.2574,101
3,3-8,white,5637,3423,6639,6043,5410,18095,93.559,85.16,76.239,20.997,16.597,12.586,31.76,0.0882,0.1828,93
3,3-8,blood,5341,3242,4901,4969,4111,13860,90.17,91.421,75.635,19.147,19.818,12.338,63.75,0.1771,0.1758,91
3,3-8,pH,3699,1611,2359,2187,1468,5996,100.324,93.01,62.432,25.001,20.69,7.637,48.95,0.136,0.38,100
3,3-8,protein,4247,2706,4342,4024,3054,11271,98.235,91.041,69.095,23.72,19.612,9.841,45.52,0.1264,0.2959,98
3,3-8,glucose,5210,3407,6406,5813,5038,16932,96.476,87.545,75.873,22.672,17.784,12.436,34.29,0.0952,0.2188,96
3,3-8,ketone,4610,1528,4378,3284,3052,10527,106.05,79.55,73.93,28.722,13.997,11.654,10.91,0.0303,0.3113,106
4,4-8,white,5787,4020,7701,7089,6379,21012,93.459,86.032,77.415,20.941,17.025,13.077,33.75,0.0938,0.172,93
4,4-8,blood,5785,1783,1931,2408,1900,6237,78.949,98.451,77.682,13.734,23.85,13.19,117.14,0.3254,0.2143,98
4,4-8,pH,5857,2934,5120,4939,4371,14193,91.989,88.737,78.532,20.127,18.395,13.554,46.15,0.1282,0.1429,91
4,4-8,protein,4231,1879,2406,2487,1728,6534,93.898,97.059,67.438,21.188,23.016,9.262,68,0.1889,0.3093,97
4,4-8,glucose,4249,2075,4032,3437,2788,10008,102.734,87.573,71.037,26.529,17.798,10.548,30.97,0.086,0.3039,102
4,4-8,ketone,5477,3234,6595,5835,5238,17284,97.3,86.087,77.279,23.159,17.052,13.019,27,0.075,0.2062,97
5,5-8,white,5785,4233,8144,7482,6738,22188,93.597,85.988,77.438,21.018,17.004,13.086,30,0.0833,0.172,93
5,5-8,blood,3431,3182,5410,4588,3146,13065,105.591,89.548,61.403,28.412,18.818,7.327,38.18,0.1061,0.419,105
5,5-8,pH,6088,3118,5672,5408,4886,15724,91.984,87.703,79.237,20.124,17.864,13.86,40,0.1111,0.1319,91
5,5-8,protein,5280,1717,2155,2405,1884,6338,86.703,96.762,75.8,17.359,22.84,12.405,88.57,0.246,0.2188,96
5,5-8,glucose,4878,2350,4858,4168,3622,12358,100.242,86.004,74.738,24.95,17.011,11.975,27.69,0.0769,0.26,100
5,5-8,ketone,2003,244,2106,1141,1193,4249,126.39,68.476,71.597,44.537,9.622,10.757,356.9,0.9914,0.4603,126
6,6-8,white,5239,2862,5578,4987,4369,14866,95.681,85.543,74.942,22.208,16.784,12.058,31.43,0.0873,0.2211,95
6,6-8,blood,3079,2852,4139,3608,2047,9846,107.195,93.443,53.015,29.504,20.932,5.075,44.44,0.1235,0.5047,107
6,6-8,protein,5812,3281,5774,5538,4898,15943,92.352,88.577,78.341,20.326,18.312,13.471,42.86,0.119,0.1522,92
6,6-8,glucose,2568,660,2018,1309,1025,4243,121.28,78.67,61.601,40.171,13.613,7.386,17,0.0472,0.4959,121
1,1-9,white,6015,2053,3892,3630,3296,10729,92.503,86.276,78.337,20.409,17.146,13.47,34.29,0.0952,0.1522,92
1,1-9,blood,3597,1853,3323,2798,2028,8084,104.82,88.26,63.971,27.897,18.149,8.117,36.59,0.1016,0.3942,104
1,1-9,pH,4982,1703,3525,3037,2658,9098,98.799,85.121,74.499,24.061,16.578,11.88,27.5,0.0764,0.2449,98
1,1-9,protein,3266,1263,2200,1819,1220,5211,107.657,89.013,59.701,29.822,18.538,6.829,37.5,0.1042,0.4486,107
1,1-9,glucose,7160,1863,3218,3257,3050,9376,87.52,88.581,82.951,17.771,18.314,15.542,70,0.1944,0.0682,88
1,1-9,ketone,4988,1199,2379,2088,1808,6231,97.359,85.45,73.991,23.194,16.739,11.679,30,0.0833,0.2474,97
2,2-9,white,5674,3313,6415,5852,5247,17510,93.422,85.223,76.413,20.92,16.628,12.658,31.76,0.0882,0.1828,93
2,2-9,blood,4899,3527,5659,5449,4421,15404,93.68,90.204,73.186,21.065,19.165,11.363,51,0.1417,0.2151,93
2,2-9,pH,2331,1473,3897,2529,1712,8097,122.729,79.646,53.916,41.381,14.039,5.293,22.61,0.0628,0.5656,122
2,2-9,protein,4058,2806,4775,4255,3224,12086,100.747,89.775,68.023,25.265,18.938,9.464,39.38,0.1094,0.32,100
2,2-9,glucose,5507,3500,6266,5889,5138,16998,94.001,88.345,77.079,21.246,18.193,12.935,38.82,0.1078,0.1809,94
2,2-9,ketone,4825,1856,4521,3625,3275,11268,102.312,82.035,74.115,26.258,15.116,11.727,17.14,0.0476,0.2745,102
3,3-9,white,5735,3693,7143,6534,5876,19477,93.519,85.546,76.931,20.974,16.785,12.873,31.76,0.0882,0.1828,93
3,3-9,blood,4551,2217,2070,2618,1698,6436,82.015,103.727,67.276,15.107,27.175,9.206,95,0.2639,0.3495,103
3,3-9,pH,4585,2465,4128,3829,3058,10854,96.982,89.957,71.844,22.97,19.034,10.849,43.2,0.12,0.2604,96
3,3-9,protein,5217,3561,6389,5925,5077,17142,95.041,88.139,75.524,21.838,18.087,12.293,39,0.1083,0.2105,95
3,3-9,glucose,3614,1633,2978,2494,1826,7204,105.412,88.28,64.635,28.292,18.159,8.329,35.12,0.0976,0.3905,105
3,3-9,ketone,5344,2944,6349,5456,4926,16378,98.852,84.948,76.696,24.094,16.494,12.775,21.82,0.0606,0.2245,98
4,4-9,white,5746,3828,7373,6760,6077,20113,93.478,85.706,77.046,20.951,16.864,12.922,30,0.0833,0.172,93
4,4-9,blood,5811,1566,1375,1959,1474,4828,72.623,103.468,77.852,11.146,27.006,13.262,129.68,0.3602,0.301,103
4,4-9,pH,5893,2376,3923,3895,3412,11027,90.72,90.072,78.903,19.44,19.095,13.714,60,0.1667,0.1333,90
4,4-9,protein,5507,3471,6207,5837,5091,16884,93.745,88.157,76.89,21.101,18.096,12.856,42.35,0.1176,0.1828,93
4,4-9,glucose,3649,1666,3122,2594,1932,7542,105.557,87.705,65.322,28.389,17.865,8.552,33,0.0917,0.381,105
4,4-9,ketone,5338,2812,6092,5224,4720,15643,99.307,85.158,76.942,24.372,16.596,12.878,23.48,0.0652,0.2323,99
5,5-9,white,5566,3470,6762,6126,5469,18352,93.958,85.12,75.991,21.221,16.578,12.484,33.33,0.0926,0.1935,93
5,5-9,blood,3958,4341,7811,6749,5158,19579,101.732,87.9,67.179,25.887,17.964,9.173,35.29,0.098,0.3366,101
5,5-9,pH,12047,993,1457,1786,1848,5068,73.31,89.864,92.983,11.412,18.985,20.675,189.47,0.5263,0.2065,92
5,5-9,protein,5454,2356,3513,3606,2998,9910,90.395,92.788,77.143,19.266,20.567,12.962,68,0.1889,0.163,92
5,5-9,glucose,5343,3192,6255,5603,4946,16490,96.727,86.644,76.485,22.82,17.33,12.687,30,0.0833,0.2083,96
5,5-9,ketone,3802,618,2612,1702,1667,5793,114.977,74.92,73.379,35.153,12.048,11.439,1.46,0.0041,0.3596,114
6,6-9,white,5682,3934,7563,6924,6201,20501,94.072,86.124,77.131,21.286,17.07,12.957,31.76,0.0882,0.1809,94
6,6-9,blood,3793,3233,5077,4596,3242,12843,100.805,91.254,64.37,25.301,19.728,8.244,45,0.125,0.36,100
6,6-9,protein,6209,1632,2074,2400,2025,6392,82.739,95.745,80.785,15.443,22.245,14.547,112,0.3111,0.1579,95
6,6-9,glucose,4959,2378,4890,4220,3682,12508,99.692,86.033,75.065,24.609,17.026,12.107,27.5,0.0764,0.2424,99
1,1-10,white,5941,2204,4174,3885,3514,11510,92.474,86.071,77.851,20.393,17.044,13.262,36,0.1,0.163,92
1,1-10,blood,2825,1662,2876,2264,1335,6461,113.509,89.355,52.689,34.042,18.717,4.997,36.39,0.1011,0.5398,113
1,1-10,pH,3669,1226,3195,2362,2001,7428,109.683,81.086,68.693,31.245,14.683,9.699,19.02,0.0528,0.3761,109
1,1-10,protein,4978,2032,3839,3440,2939,10090,97.021,86.938,74.276,22.994,17.477,11.791,31.3,0.087,0.2371,97
1,1-10,glucose,9835,1207,1854,2130,2121,6042,78.247,89.896,89.516,13.431,19.001,18.801,180,0.5,0.1236,89
1,1-10,ketone,5554,2027,3832,3518,3117,10289,94.971,87.189,77.251,21.798,17.603,13.008,35.29,0.098,0.1809,94
2,2-10,white,5609,3325,6468,5874,5254,17586,93.787,85.174,76.184,21.125,16.604,12.563,31.76,0.0882,0.1828,93
2,2-10,blood,4704,3368,5136,5015,3935,13988,93.629,91.423,71.735,21.036,19.819,10.808,54.55,0.1515,0.2366,93
2,2-10,pH,2222,1424,3896,2466,1644,7976,124.559,78.84,52.56,42.941,13.687,4.967,21.67,0.0602,0.5806,124
2,2-10,protein,3749,2640,4445,3890,2809,11017,102.884,90.038,65.017,26.626,19.077,8.453,40.54,0.1126,0.3627,102
2,2-10,glucose,5403,3386,6024,5654,4894,16287,94.316,88.523,76.624,21.424,18.284,12.745,40,0.1111,0.1915,94
2,2-10,ketone,4696,1658,4300,3351,3053,10572,103.717,80.827,73.639,27.169,14.566,11.54,14,0.0389,0.2913,103
3,3-10,white,5745,3848,7441,6810,6127,20274,93.591,85.654,77.063,21.015,16.839,12.929,30,0.0833,0.172,93
3,3-10,blood,4681,2219,2110,2665,1779,6600,81.523,102.966,68.734,14.881,26.679,9.713,97.06,0.2696,0.3333,102
3,3-10,pH,4838,2773,4760,4425,3642,12638,96.044,89.284,73.486,22.419,18.68,11.48,41.74,0.1159,0.2396,96
3,3-10,protein,5279,3601,6541,6048,5220,17556,95.008,87.847,75.82,21.819,17.937,12.414,36,0.1,0.2105,95
3,3-10,glucose,4327,2237,3640,3369,2594,9466,98.056,90.756,69.879,23.612,19.459,10.123,43.45,0.1207,0.2959,98
3,3-10,ketone,5423,3210,6734,5873,5291,17537,97.917,85.397,76.935,23.528,16.713,12.875,25.71,0.0714,0.2165,97
4,4-10,white,5647,3408,6630,6029,5404,18059,93.618,85.132,76.307,21.03,16.583,12.614,31.76,0.0882,0.1828,93
4,4-10,blood,5795,3377,5743,5597,4908,16061,91.181,88.863,77.924,19.688,18.461,13.293,47.14,0.131,0.1538,91
4,4-10,pH,6345,1375,1911,2114,1832,5810,83.873,92.783,80.406,15.977,20.564,14.377,105,0.2917,0.1304,92
4,4-10,protein,5043,2923,4806,4607,3809,13005,94.235,90.333,74.686,21.378,19.234,11.955,48,0.1333,0.2128,94
4,4-10,glucose,2931,1239,2359,1820,1185,5267,114.21,88.115,57.371,34.57,18.074,6.183,32.63,0.0906,0.5,114
4,4-10,ketone,4770,1504,4216,3206,2988,10090,106.549,81.024,75.514,29.061,14.654,12.289,11.61,0.0323,0.2925,106
5,5-10,white,5819,4343,8336,7676,6921,22738,93.486,86.084,77.617,20.956,17.051,13.162,33.75,0.0938,0.172,93
5,5-10,blood,3536,4225,7454,6286,4476,18121,104.893,88.457,62.987,27.945,18.25,7.808,37.14,0.1032,0.4038,104
5,5-10,pH,5837,3398,6208,5854,5227,17051,92.841,87.547,78.17,20.597,17.785,13.398,38.57,0.1071,0.1522,92
5,5-10,protein,5413,1940,2610,2823,2279,7613,87.423,94.557,76.336,17.722,21.561,12.626,83.33,0.2315,0.1915,94
5,5-10,glucose,5018,2762,5569,4859,4234,14349,98.968,86.351,75.244,24.165,17.183,12.179,28.7,0.0797,0.2347,98
5,5-10,ketone,2290,292,2160,1205,1241,4420,124.615,69.519,71.596,42.99,9.993,10.756,357.82,0.9939,0.4435,124
6,6-10,white,5493,3465,6684,6066,5381,18000,94.69,85.935,76.231,21.637,16.977,12.582,30,0.0833,0.1915,94
6,6-10,blood,3368,2895,4263,3818,2387,10495,103.579,92.767,57.998,27.078,20.555,6.353,45.65,0.1268,0.4466,103
6,6-10,protein,6270,1493,1717,2112,1752,5474,79.984,98.385,81.615,14.189,23.81,14.923,126.32,0.3509,0.1939,98
6,6-10,glucose,4113,1447,3303,2623,2214,7923,106.306,84.421,71.257,28.896,16.239,10.629,22.29,0.0619,0.3302,106